{"d_FG%":{"d_FG%":1.0,"d_FT%":0.0589357518,"FG%":0.5047997241,"FT%":0.0830901387,"TRB":0.5605958131,"AST":0.1698993365,"STL":0.1939384774,"BLK":0.413440956,"TOV":-0.3163890891,"3P":0.0144757899,"PTS":0.4414098998,"Avg $":0.4061963887},"d_FT%":{"d_FG%":0.0589357518,"d_FT%":1.0,"FG%":0.0062236643,"FT%":0.3621649847,"TRB":0.0582099769,"AST":0.4437849693,"STL":0.2280451849,"BLK":-0.0508608097,"TOV":-0.3565445404,"3P":0.4720935452,"PTS":0.4889314301,"Avg $":0.4469779533},"FG%":{"d_FG%":0.5047997241,"d_FT%":0.0062236643,"FG%":1.0,"FT%":0.1983534852,"TRB":0.3895391922,"AST":0.122398265,"STL":0.1894961766,"BLK":0.2801778839,"TOV":-0.1346448029,"3P":0.1006730927,"PTS":0.317290725,"Avg $":0.1551694072},"FT%":{"d_FG%":0.0830901387,"d_FT%":0.3621649847,"FG%":0.1983534852,"FT%":1.0,"TRB":0.2387477435,"AST":0.3022742753,"STL":0.34803246,"BLK":0.0601591911,"TOV":-0.2619783197,"3P":0.3994671236,"PTS":0.4201834491,"Avg $":0.1862462748},"TRB":{"d_FG%":0.5605958131,"d_FT%":0.0582099769,"FG%":0.3895391922,"FT%":0.2387477435,"TRB":1.0,"AST":0.4167535799,"STL":0.41322109,"BLK":0.5998391203,"TOV":-0.5666578706,"3P":0.2233558246,"PTS":0.6286161321,"Avg $":0.5288633025},"AST":{"d_FG%":0.1698993365,"d_FT%":0.4437849693,"FG%":0.122398265,"FT%":0.3022742753,"TRB":0.4167535799,"AST":1.0,"STL":0.6270875689,"BLK":0.0593940886,"TOV":-0.7939626037,"3P":0.5026825576,"PTS":0.7180340479,"Avg $":0.6422134581},"STL":{"d_FG%":0.1939384774,"d_FT%":0.2280451849,"FG%":0.1894961766,"FT%":0.34803246,"TRB":0.41322109,"AST":0.6270875689,"STL":1.0,"BLK":0.1814780964,"TOV":-0.5339380464,"3P":0.4683849809,"PTS":0.6111978899,"Avg $":0.3835795426},"BLK":{"d_FG%":0.413440956,"d_FT%":-0.0508608097,"FG%":0.2801778839,"FT%":0.0601591911,"TRB":0.5998391203,"AST":0.0593940886,"STL":0.1814780964,"BLK":1.0,"TOV":-0.2488119014,"3P":0.0063268826,"PTS":0.3002490877,"Avg $":0.3054933566},"TOV":{"d_FG%":-0.3163890891,"d_FT%":-0.3565445404,"FG%":-0.1346448029,"FT%":-0.2619783197,"TRB":-0.5666578706,"AST":-0.7939626037,"STL":-0.5339380464,"BLK":-0.2488119014,"TOV":1.0,"3P":-0.4639877369,"PTS":-0.7633463557,"Avg $":-0.6731808991},"3P":{"d_FG%":0.0144757899,"d_FT%":0.4720935452,"FG%":0.1006730927,"FT%":0.3994671236,"TRB":0.2233558246,"AST":0.5026825576,"STL":0.4683849809,"BLK":0.0063268826,"TOV":-0.4639877369,"3P":1.0,"PTS":0.7246845422,"Avg $":0.3667154252},"PTS":{"d_FG%":0.4414098998,"d_FT%":0.4889314301,"FG%":0.317290725,"FT%":0.4201834491,"TRB":0.6286161321,"AST":0.7180340479,"STL":0.6111978899,"BLK":0.3002490877,"TOV":-0.7633463557,"3P":0.7246845422,"PTS":1.0,"Avg $":0.7077940237},"Avg $":{"d_FG%":0.4061963887,"d_FT%":0.4469779533,"FG%":0.1551694072,"FT%":0.1862462748,"TRB":0.5288633025,"AST":0.6422134581,"STL":0.3835795426,"BLK":0.3054933566,"TOV":-0.6731808991,"3P":0.3667154252,"PTS":0.7077940237,"Avg $":1.0}}
