{"d_FG%":{"d_FG%":1.0,"d_FT%":0.0512979357,"FG%":0.5087320397,"FT%":0.1306680079,"TRB":0.5475313483,"AST":0.1955852578,"STL":0.2072927453,"BLK":0.3499543375,"TOV":-0.3209561573,"3P":0.05374683,"PTS":0.467434115,"Avg $":0.3964336329},"d_FT%":{"d_FG%":0.0512979357,"d_FT%":1.0,"FG%":0.0173066523,"FT%":0.3947335836,"TRB":0.0299687196,"AST":0.4194330323,"STL":0.2347108642,"BLK":-0.0570299818,"TOV":-0.3095379536,"3P":0.4691060874,"PTS":0.4846071676,"Avg $":0.4225150976},"FG%":{"d_FG%":0.5087320397,"d_FT%":0.0173066523,"FG%":1.0,"FT%":0.3109380609,"TRB":0.3839604983,"AST":0.139237343,"STL":0.1968500101,"BLK":0.2498721272,"TOV":-0.1904604873,"3P":0.1360389517,"PTS":0.3426723839,"Avg $":0.1542334178},"FT%":{"d_FG%":0.1306680079,"d_FT%":0.3947335836,"FG%":0.3109380609,"FT%":1.0,"TRB":0.2612349137,"AST":0.3166470838,"STL":0.3313944268,"BLK":0.1002055064,"TOV":-0.2845686818,"3P":0.4054032292,"PTS":0.4610432402,"Avg $":0.2018887561},"TRB":{"d_FG%":0.5475313483,"d_FT%":0.0299687196,"FG%":0.3839604983,"FT%":0.2612349137,"TRB":1.0,"AST":0.4121592561,"STL":0.3766053372,"BLK":0.5647237763,"TOV":-0.5635588328,"3P":0.2233524552,"PTS":0.6136301702,"Avg $":0.517298536},"AST":{"d_FG%":0.1955852578,"d_FT%":0.4194330323,"FG%":0.139237343,"FT%":0.3166470838,"TRB":0.4121592561,"AST":1.0,"STL":0.5538153185,"BLK":0.0604591055,"TOV":-0.7581555906,"3P":0.4932582943,"PTS":0.7110650072,"Avg $":0.6221214937},"STL":{"d_FG%":0.2072927453,"d_FT%":0.2347108642,"FG%":0.1968500101,"FT%":0.3313944268,"TRB":0.3766053372,"AST":0.5538153185,"STL":1.0,"BLK":0.1910335112,"TOV":-0.494508053,"3P":0.4233414739,"PTS":0.5588782807,"Avg $":0.3526809728},"BLK":{"d_FG%":0.3499543375,"d_FT%":-0.0570299818,"FG%":0.2498721272,"FT%":0.1002055064,"TRB":0.5647237763,"AST":0.0604591055,"STL":0.1910335112,"BLK":1.0,"TOV":-0.2543417377,"3P":0.0380368738,"PTS":0.2962665959,"Avg $":0.3050365006},"TOV":{"d_FG%":-0.3209561573,"d_FT%":-0.3095379536,"FG%":-0.1904604873,"FT%":-0.2845686818,"TRB":-0.5635588328,"AST":-0.7581555906,"STL":-0.494508053,"BLK":-0.2543417377,"TOV":1.0,"3P":-0.4507228998,"PTS":-0.7466250945,"Avg $":-0.6432264369},"3P":{"d_FG%":0.05374683,"d_FT%":0.4691060874,"FG%":0.1360389517,"FT%":0.4054032292,"TRB":0.2233524552,"AST":0.4932582943,"STL":0.4233414739,"BLK":0.0380368738,"TOV":-0.4507228998,"3P":1.0,"PTS":0.7296980227,"Avg $":0.3529619857},"PTS":{"d_FG%":0.467434115,"d_FT%":0.4846071676,"FG%":0.3426723839,"FT%":0.4610432402,"TRB":0.6136301702,"AST":0.7110650072,"STL":0.5588782807,"BLK":0.2962665959,"TOV":-0.7466250945,"3P":0.7296980227,"PTS":1.0,"Avg $":0.691300259},"Avg $":{"d_FG%":0.3964336329,"d_FT%":0.4225150976,"FG%":0.1542334178,"FT%":0.2018887561,"TRB":0.517298536,"AST":0.6221214937,"STL":0.3526809728,"BLK":0.3050365006,"TOV":-0.6432264369,"3P":0.3529619857,"PTS":0.691300259,"Avg $":1.0}}
